{
  "accuracy": 0.40540540540540543,
  "macro_f1": 0.2926539537047689,
  "weighted_f1": 0.35873429710672905,
  "classification_report": {
    "Angry": {
      "precision": 0.3416666666666667,
      "recall": 0.0835030549898167,
      "f1-score": 0.1342062193126023,
      "support": 491.0
    },
    "Disgust": {
      "precision": 0.0,
      "recall": 0.0,
      "f1-score": 0.0,
      "support": 55.0
    },
    "Fear": {
      "precision": 0.3181818181818182,
      "recall": 0.10606060606060606,
      "f1-score": 0.1590909090909091,
      "support": 528.0
    },
    "Happy": {
      "precision": 0.43672014260249553,
      "recall": 0.8361774744027304,
      "f1-score": 0.5737704918032787,
      "support": 879.0
    },
    "Sad": {
      "precision": 0.30180180180180183,
      "recall": 0.3383838383838384,
      "f1-score": 0.319047619047619,
      "support": 594.0
    },
    "Surprise": {
      "precision": 0.5058139534883721,
      "recall": 0.4182692307692308,
      "f1-score": 0.45789473684210524,
      "support": 416.0
    },
    "Neutral": {
      "precision": 0.41333333333333333,
      "recall": 0.3961661341853035,
      "f1-score": 0.40456769983686786,
      "support": 626.0
    },
    "accuracy": 0.40540540540540543,
    "macro avg": {
      "precision": 0.33107395943921253,
      "recall": 0.31122290554164656,
      "f1-score": 0.2926539537047689,
      "support": 3589.0
    },
    "weighted avg": {
      "precision": 0.3811844191331922,
      "recall": 0.40540540540540543,
      "f1-score": 0.35873429710672905,
      "support": 3589.0
    }
  }
}